Date,CallCount
3/1/20,254
3/2/20,227
3/3/20,220
3/4/20,220
3/5/20,237
3/6/20,104
3/7/20,162
3/8/20,199
3/9/20,189
3/10/20,283
3/11/20,277
3/12/20,299
3/13/20,164
3/14/20,431
3/15/20,508
3/16/20,372
3/17/20,447
3/18/20,505
3/19/20,720
3/20/20,423
3/21/20,915
3/22/20,909
3/23/20,897
3/24/20,1285
3/25/20,1065
3/26/20,1256
3/27/20,600
3/28/20,858
3/29/20,1202
3/30/20,1224
3/31/20,1620
4/1/20,1697
4/2/20,1537
4/3/20,765
4/4/20,456
4/5/20,372
4/6/20,1423
4/7/20,1060
4/8/20,1341
4/9/20,1481
4/10/20,893
4/11/20,1433
4/12/20,1503
4/13/20,1595
4/14/20,1392
4/15/20,1057
4/16/20,1131
4/17/20,682
4/18/20,948
4/19/20,2026
4/20/20,1761
4/21/20,1616
4/22/20,2753
